{"cameraMode":{"drawMode":0,"name":"Shaded","section":"Shading Mode"},"sceneLighting":true,"audioPlay":false,"sceneViewState":{"showFog":true,"showMaterialUpdate":false,"showSkybox":true,"showFlares":true,"showImageEffects":true,"showParticleSystems":true},"in2DMode":false,"pivot":{"x":800.5362548828125,"y":87.6934585571289,"z":83.66557312011719},"rotation":{"x":-0.1687059998512268,"y":-0.4733770191669464,"z":0.09291115403175354,"w":-0.859546422958374},"size":227.42713928222657,"orthographic":false}