{"cameraMode":{"drawMode":0,"name":"Shaded","section":"Shading Mode"},"sceneLighting":true,"audioPlay":false,"sceneViewState":{"showFog":true,"showMaterialUpdate":false,"showSkybox":true,"showFlares":true,"showImageEffects":true,"showParticleSystems":true},"in2DMode":false,"pivot":{"x":745.85009765625,"y":113.61756896972656,"z":20.324310302734376},"rotation":{"x":0.1465614140033722,"y":0.6160265207290649,"z":-0.11803320050239563,"w":0.7649178504943848},"size":203.32212829589845,"orthographic":false}