{"cameraMode":{"drawMode":0,"name":"Shaded","section":"Shading Mode"},"sceneLighting":true,"audioPlay":false,"sceneViewState":{"showFog":false,"showMaterialUpdate":false,"showSkybox":false,"showFlares":false,"showImageEffects":false,"showParticleSystems":false},"in2DMode":false,"pivot":{"x":1.3669264316558838,"y":1.2885360717773438,"z":-0.9157953262329102},"rotation":{"x":0.04522467777132988,"y":0.6377420425415039,"z":-0.03754135221242905,"w":0.768004298210144},"size":1.341735601425171,"orthographic":false}