{"cameraMode":{"drawMode":0,"name":"Shaded","section":"Shading Mode"},"sceneLighting":true,"audioPlay":false,"sceneViewState":{"showFog":true,"showMaterialUpdate":false,"showSkybox":true,"showFlares":true,"showImageEffects":true,"showParticleSystems":true},"in2DMode":false,"pivot":{"x":807.27099609375,"y":110.4023666381836,"z":120.58627319335938},"rotation":{"x":-0.05261742323637009,"y":-0.33146536350250246,"z":0.018518101423978807,"w":-0.941817045211792},"size":509.5113525390625,"orthographic":false}