{"cameraMode":{"drawMode":0,"name":"Shaded","section":"Shading Mode"},"sceneLighting":true,"audioPlay":false,"sceneViewState":{"showFog":false,"showMaterialUpdate":false,"showSkybox":false,"showFlares":false,"showImageEffects":false,"showParticleSystems":false},"in2DMode":false,"pivot":{"x":780.8125,"y":87.69952392578125,"z":19.403182983398439},"rotation":{"x":0.15759006142616273,"y":0.39386188983917239,"z":-0.06878543645143509,"w":0.9029433727264404},"size":228.6556854248047,"orthographic":false}