{"cameraMode":{"drawMode":0,"name":"Shaded","section":"Shading Mode"},"sceneLighting":false,"audioPlay":false,"sceneViewState":{"showFog":true,"showMaterialUpdate":false,"showSkybox":true,"showFlares":true,"showImageEffects":true,"showParticleSystems":true},"in2DMode":false,"pivot":{"x":-0.0001004338264465332,"y":0.7174058556556702,"z":0.004288777709007263},"rotation":{"x":0.10695888847112656,"y":-0.8757871389389038,"z":0.2271728366613388,"w":0.41224896907806399},"size":3.0230817794799806,"orthographic":false}