{"cameraMode":{"drawMode":0,"name":"Shaded","section":"Shading Mode"},"sceneLighting":true,"audioPlay":false,"sceneViewState":{"showFog":true,"showMaterialUpdate":false,"showSkybox":true,"showFlares":true,"showImageEffects":true,"showParticleSystems":true},"in2DMode":false,"pivot":{"x":812.47900390625,"y":20.974349975585939,"z":80.65452575683594},"rotation":{"x":-0.16392886638641358,"y":-0.38176119327545168,"z":0.06899958103895188,"w":-0.906986653804779},"size":294.7033386230469,"orthographic":false}