{"cameraMode":{"drawMode":0,"name":"Shaded","section":"Shading Mode"},"sceneLighting":true,"audioPlay":false,"sceneViewState":{"showFog":true,"showMaterialUpdate":false,"showSkybox":true,"showFlares":true,"showImageEffects":true,"showParticleSystems":true},"in2DMode":false,"pivot":{"x":852.2288818359375,"y":25.194595336914064,"z":14.465606689453125},"rotation":{"x":-0.12713390588760377,"y":-0.6262627840042114,"z":0.10448086261749268,"w":-0.7620471119880676},"size":471.7945861816406,"orthographic":false}