{"cameraMode":{"drawMode":0,"name":"Shaded","section":"Shading Mode"},"sceneLighting":true,"audioPlay":false,"sceneViewState":{"showFog":true,"showMaterialUpdate":false,"showSkybox":true,"showFlares":true,"showImageEffects":true,"showParticleSystems":true},"in2DMode":false,"pivot":{"x":689.3634643554688,"y":143.89089965820313,"z":15.958839416503907},"rotation":{"x":0.05857153236865997,"y":0.6841320991516113,"z":-0.05627332627773285,"w":0.7248213291168213},"size":193.9392852783203,"orthographic":false}