{"cameraMode":{"drawMode":0,"name":"Shaded","section":"Shading Mode"},"sceneLighting":true,"audioPlay":false,"sceneViewState":{"showFog":true,"showMaterialUpdate":true,"showSkybox":true,"showFlares":true,"showImageEffects":true,"showParticleSystems":true},"in2DMode":false,"pivot":{"x":763.5435180664063,"y":31.567245483398439,"z":100.0650634765625},"rotation":{"x":0.2849550247192383,"y":0.5077643394470215,"z":-0.18268883228302003,"w":0.7922126054763794},"size":386.94207763671877,"orthographic":false}