{"cameraMode":{"drawMode":0,"name":"Shaded","section":"Shading Mode"},"sceneLighting":true,"audioPlay":false,"sceneViewState":{"showFog":true,"showMaterialUpdate":false,"showSkybox":true,"showFlares":true,"showImageEffects":true,"showParticleSystems":true},"in2DMode":false,"pivot":{"x":777.5372924804688,"y":13.897491455078125,"z":41.954132080078128},"rotation":{"x":0.2002881020307541,"y":0.10381028801202774,"z":-0.02134205773472786,"w":0.9739880561828613},"size":483.70196533203127,"orthographic":false}