{"cameraMode":{"drawMode":0,"name":"Shaded","section":"Shading Mode"},"sceneLighting":true,"audioPlay":false,"sceneViewState":{"showFog":true,"showMaterialUpdate":false,"showSkybox":true,"showFlares":true,"showImageEffects":true,"showParticleSystems":true},"in2DMode":false,"pivot":{"x":777.4452514648438,"y":119.60079193115235,"z":18.24979019165039},"rotation":{"x":-0.010873811319470406,"y":-0.7038394212722778,"z":0.010776493698358536,"w":-0.7101941704750061},"size":145.57550048828126,"orthographic":false}