{"cameraMode":{"drawMode":0,"name":"Shaded","section":"Shading Mode"},"sceneLighting":false,"audioPlay":false,"sceneViewState":{"showFog":true,"showMaterialUpdate":false,"showSkybox":true,"showFlares":true,"showImageEffects":true,"showParticleSystems":true},"in2DMode":false,"pivot":{"x":807.71728515625,"y":124.04385375976563,"z":13.111513137817383},"rotation":{"x":-0.13822971284389497,"y":-0.523626983165741,"z":0.08652857691049576,"w":-0.836193859577179},"size":101.75355529785156,"orthographic":false}