{"cameraMode":{"drawMode":0,"name":"Shaded","section":"Shading Mode"},"sceneLighting":true,"audioPlay":false,"sceneViewState":{"showFog":true,"showMaterialUpdate":false,"showSkybox":true,"showFlares":true,"showImageEffects":true,"showParticleSystems":true},"in2DMode":false,"pivot":{"x":649.1388549804688,"y":124.63459014892578,"z":16.54547119140625},"rotation":{"x":-0.03908047080039978,"y":-0.7298793196678162,"z":0.041874926537275317,"w":-0.6811720728874207},"size":55.86859130859375,"orthographic":false}