{"cameraMode":{"drawMode":0,"name":"Shaded","section":"Shading Mode"},"sceneLighting":true,"audioPlay":false,"sceneViewState":{"showFog":true,"showMaterialUpdate":false,"showSkybox":true,"showFlares":true,"showImageEffects":true,"showParticleSystems":true},"in2DMode":false,"pivot":{"x":732.6742553710938,"y":123.47103881835938,"z":14.911531448364258},"rotation":{"x":0.02657376416027546,"y":0.645351231098175,"z":-0.022473376244306566,"w":0.7630927562713623},"size":113.07276916503906,"orthographic":false}