{"cameraMode":{"drawMode":0,"name":"Shaded","section":"Shading Mode"},"sceneLighting":true,"audioPlay":false,"sceneViewState":{"showFog":true,"showMaterialUpdate":true,"showSkybox":true,"showFlares":true,"showImageEffects":true,"showParticleSystems":true},"in2DMode":false,"pivot":{"x":705.4229125976563,"y":65.83183288574219,"z":36.62126159667969},"rotation":{"x":0.3056081533432007,"y":0.16148538887500764,"z":-0.05266023054718971,"w":0.9368847608566284},"size":276.3096618652344,"orthographic":false}