{"cameraMode":{"drawMode":0,"name":"Shaded","section":"Shading Mode"},"sceneLighting":true,"audioPlay":false,"sceneViewState":{"showFog":false,"showMaterialUpdate":false,"showSkybox":false,"showFlares":false,"showImageEffects":false,"showParticleSystems":false},"in2DMode":false,"pivot":{"x":882.7025146484375,"y":61.769378662109378,"z":23.230697631835939},"rotation":{"x":0.11309081315994263,"y":0.677227258682251,"z":-0.10653352737426758,"w":0.7191832065582275},"size":866.2174682617188,"orthographic":false}