{"cameraMode":{"drawMode":0,"name":"Shaded","section":"Shading Mode"},"sceneLighting":false,"audioPlay":false,"sceneViewState":{"showFog":true,"showMaterialUpdate":false,"showSkybox":true,"showFlares":true,"showImageEffects":true,"showParticleSystems":true},"in2DMode":false,"pivot":{"x":1.5662298202514649,"y":1.336072564125061,"z":-0.8390151262283325},"rotation":{"x":-0.06129172816872597,"y":-0.7086379528045654,"z":0.06202530115842819,"w":-0.7001631855964661},"size":0.927804172039032,"orthographic":false}