{"cameraMode":{"drawMode":0,"name":"Shaded","section":"Shading Mode"},"sceneLighting":true,"audioPlay":false,"sceneViewState":{"showFog":true,"showMaterialUpdate":false,"showSkybox":true,"showFlares":true,"showImageEffects":true,"showParticleSystems":true},"in2DMode":false,"pivot":{"x":853.623291015625,"y":101.79190063476563,"z":1.6360540390014649},"rotation":{"x":0.12595891952514649,"y":0.49540573358535769,"z":-0.072421595454216,"w":0.8564242720603943},"size":299.6053161621094,"orthographic":false}