{"cameraMode":{"drawMode":0,"name":"Shaded","section":"Shading Mode"},"sceneLighting":true,"audioPlay":false,"sceneViewState":{"showFog":false,"showMaterialUpdate":false,"showSkybox":false,"showFlares":false,"showImageEffects":false,"showParticleSystems":false},"in2DMode":false,"pivot":{"x":708.2417602539063,"y":126.25399780273438,"z":5.859537124633789},"rotation":{"x":-0.2587240934371948,"y":-0.5550832152366638,"z":0.18697361648082734,"w":-0.7681050300598145},"size":120.06092071533203,"orthographic":false}