{"cameraMode":{"drawMode":0,"name":"Shaded","section":"Shading Mode"},"sceneLighting":true,"audioPlay":false,"sceneViewState":{"showFog":true,"showMaterialUpdate":false,"showSkybox":true,"showFlares":true,"showImageEffects":true,"showParticleSystems":true},"in2DMode":false,"pivot":{"x":828.3271484375,"y":82.25824737548828,"z":58.51387023925781},"rotation":{"x":-0.13585631549358369,"y":-0.35075998306274416,"z":0.05150971561670303,"w":-0.9251255989074707},"size":351.4392395019531,"orthographic":false}