{"cameraMode":{"drawMode":0,"name":"Shaded","section":"Shading Mode"},"sceneLighting":true,"audioPlay":false,"sceneViewState":{"showFog":true,"showMaterialUpdate":false,"showSkybox":true,"showFlares":true,"showImageEffects":true,"showParticleSystems":true},"in2DMode":false,"pivot":{"x":802.9480590820313,"y":100.80949401855469,"z":18.575096130371095},"rotation":{"x":0.03740151971578598,"y":0.6320770382881165,"z":-0.03054569475352764,"w":0.7733994722366333},"size":226.79966735839845,"orthographic":false}