{"cameraMode":{"drawMode":0,"name":"Shaded","section":"Shading Mode"},"sceneLighting":true,"audioPlay":false,"sceneViewState":{"showFog":true,"showMaterialUpdate":false,"showSkybox":true,"showFlares":true,"showImageEffects":true,"showParticleSystems":true},"in2DMode":false,"pivot":{"x":0.28003135323524477,"y":1.3373076915740967,"z":-1.1075853109359742},"rotation":{"x":0.04348200932145119,"y":0.7529097199440002,"z":-0.04999851807951927,"w":0.6547796726226807},"size":0.6073950529098511,"orthographic":false}