{"cameraMode":{"drawMode":0,"name":"Shaded","section":"Shading Mode"},"sceneLighting":true,"audioPlay":false,"sceneViewState":{"showFog":true,"showMaterialUpdate":false,"showSkybox":true,"showFlares":true,"showImageEffects":true,"showParticleSystems":true},"in2DMode":false,"pivot":{"x":778.5369873046875,"y":79.96175384521485,"z":68.77507019042969},"rotation":{"x":-0.132125586271286,"y":-0.13721972703933717,"z":0.018471287563443185,"w":-0.9815154075622559},"size":313.8299560546875,"orthographic":false}